"",,,,,,,,,,,,,,Grand
Affiliate State Name,PA Nationality,Oct,Nov,Dec,Jan,Feb,Mar,Apr,May Jun,,Jul,Aug,Sep,Total
Grand Total,,1,399,598,405,377,283,272,"915 1,533",,"1,491","1,363","3,774 11,411",
Alaska,Total,,,,,,,,1,,5,,6,12
"",Dem. Rep. Con.,,,,,,,,,,5,,4,9
"",Republic of Sou.,,,,,,,,,,,,2,2
"",Somalia,,,,,,,,1,,,,,1
Arizona,Total,,13,17,1,15,4,5,43 71,,88,33,132,422
"",Afghanistan,,,,,2,,,5 3,,8,10,7,35
"",Burma,,,,,,,,3 4,,2,5,,14
"",Burundi,,,,,,,,,,,2,1,3
"",Colombia,,,,,,,,3,,,,1,4
"",Congo,,,,,,,,,,,2,,2
"",Dem. Rep. Con.,,7,13,,12,,5,24 52,,55,11,53,232
"",Eritrea,,,,,,,,,,,,4,4
"",Ethiopia,,,,,,,,,,,,3,3
"",Iran,,,3,,1,,,1,,7,,,12
"",Iraq,,6,,,,3,,3,,6,1,9,28
"",Namibia,,,,,,,,1,,,,,1
"",Pakistan,,,1,,,1,,1,,,,,3
"",Republic of Sou.,,,,,,,,,,,,1,1
"",Rwanda,,,,1,,,,,,,1,,2
"",Somalia,,,,,,,,1,,9,1,2,13
"",Sudan,,,,,,,,,,,,8,8
"",Syria,,,,,,,,5 8,,1,,43,57
Arkansas,Total,,3,,,,,,4,,5,11,18,41
"",Burma,,1,,,,,,1,,,,5,7
"",Dem. Rep. Con.,,,,,,,,3,,5,11,5,24
"",El Salvador,,2,,,,,,,,,,,2
"",Guatemala,,,,,,,,,,,,1,1
"",Iran,,,,,,,,,,,,1,1
"",Syria,,,,,,,,,,,,6,6
California,Total,,58,60,56,37,67,77,71 75,,72,118,295,986
"",Afghanistan,,4,,3,11,22,39,13 40,,30,55,61,278
"",Armenia,,,,,,,3,3 4,,7,,13,30
"",Burma,,6,,,,,,,,2,21,8,37
"",Central African.,,,,,,,,4,,,,,4
"",Dem. Rep. Con.,,,,,,,,12,,8,,10,30
"",El Salvador,,2,7,5,2,4,,,,8,5,19,52
"",Eritrea,,4,,,,3,,,,,,,7
"",Ethiopia,,,,,,,,,,1,,,1
"",Guatemala,,,1,,,,,,,,,4,5
"",Iran,,,6,3,1,2,,9 4,,2,5,1,33
"",Iraq,,14,4,,1,10,,11 10,,6,6,35,97
"",Kazakhstan,,3,,,,,,,,,,1,4
"",Moldova,,2,4,4,,,5,,,,5,,20
58 60 56,37,67,,77,71,,75,72,118,295,986
4 3,11,22,,39,13,,40,30,55,61,278
"",,,,3,3,,4,7,,13,30
6 Refugee Arrivals,,,,,,,,2,21,8,37
by State and Nationality,,,,,,,4,,,,4
"October 1, 2020 through September 30, 2021 12",,,,,,,,8,,10,30
"",,,,,,,,,5,19,52
"",,,,,,,,,,,7
"",,,,,,,,1,,,1
"",,,,,,,,,,4,5
6 3,1,2,,,9,,4,2,5,1,33
14 4,1,10,,,11,,10,6,6,35,97
"",,,3,,,,,,,,,1 Grand4
Affiliate State Name,PMAo lNdaotviaonality,Oct,Nov2,Dec4,Jan4,Feb,Mar,Apr5 May,Jun,Jul,Aug5,Sep Tota2l0
California,Nepal,,,,,,,,,,,1 1
"",Pakistan,,,,,,5,3,,,,8
"",Republic of Sou.,,,,,,,,,1,,8 9
"",Russia,,,1,,,4,3 9,,,,17
"",Sudan,,,,,1,,,,,,1 2
"",Syria,,,,,,,10,5,,21,114 150
"",Uganda,,,,,,,,1,,,1
"",Ukraine,,22,37,41,21,17,23 4,7,7,,19 198
"",Vietnam,,1,,,,,1,,,,2
Colorado,Total,,6,8,7,13,4,1 7,62,11,37,111 267
"",Afghanistan,,,,,,,4,,,1,11 16
"",Burma,,,,,5,,,12,,6,2 25
"",Burundi,,,,,,,,7,,,7
"",Dem. Rep. Con.,,,,,,,,12,5,21,56 94
"",Djibouti,,,,,1,,,,1,,2
"",Eritrea,,,,,,4,1,2,3,,1 11
"",Ethiopia,,,,,2,,,,1,,3
"",Guatemala,,,,,,,,,,,5 5
"",Iran,,,,,,,,1,,,2 3
"",Iraq,,,5,,,,,,1,,5 11
"",Liberia,,,,,,,2,12,,,14
"",Moldova,,2,,,,,,,,,2
"",Nepal,,,,,,,,,,,1 1
"",Pakistan,,,,,,,,,,,6 6
"",Somalia,,,,,,,,4,,1,5
"",Sudan,,,2,1,2,,,5,,,10 20
"",Syria,,,,6,,,,7,,5,5 23
"",Ukraine,,4,1,,3,,,,,3,7 18
"",Yemen,,,,,,,1,,,,1
Connecticut,Total,,2,1,6,1,,1 10,12,2,8,14 57
"",Afghanistan,,,,,1,,,,,,5 6
"",Colombia,,,,,,,6,,,,6
"",Dem. Rep. Con.,,,1,6,,,2,12,,1,22
"",Eritrea,,,,,,,,,1,,1
"",Moldova,,,,,,,1,,,,1
"",Sudan,,,,,,,,,,4,4
"",Syria,,2,,,,,2,,1,3,9 17
Delaware,Total,,,,,,,,,,3,9 12
"",Rwanda,,,,,,,,,,3,3
"",Sudan,,,,,,,,,,,9 9
Florida,Total,,20,5,12,,,5 9,39,27,20,79 216
"",Afghanistan,,,,,,,,,,,8 8
"",Burma,,,,,,,,1,,,1
"",Colombia,,,,,,,,4,,,4
"",,,,,,,,,,1,,,,Grand1
Affiliate State Name,PCoAl oNmatbioanality,Oct,Nov,Dec,Jan,Feb,Mar,Apr,May,Jun4,Jul,Aug,Sep,Total4
Florida,Cuba,,,,,,,,,,2,,,2
"",Dem. Rep. Con.,,,,,,,,1,18,18,7,15,59
"",El Salvador,,,,,,,,,1,,3,7,11
"",Eritrea,,,,,,,,,2,1,2,1,6
"",Ethiopia,,,,,,,,,,6,,,6
"",Guatemala,,,,,,,,,,,,3,3
"",Honduras,,6,1,,,,,,,,1,5,13
"",Iran,,,,,,,,,,,,4,4
"",Iraq,,,,6,,,,,,,,,6
"",Pakistan,,,,6,,,,,,,,,6
"",Republic of Sou.,,,,,,,,,,,,1,1
"",Sudan,,,,,,,5,,13,,1,9,28
"",Syria,,,,,,,,6,,,6,26,38
"",Ukraine,,14,4,,,,,2,,,,,20
Georgia,Total,,16,11,5,13,6,7,46,65,44,34,138,385
"",Afghanistan,,,,,,5,1,6,4,3,,,19
"",Burma,,,,1,,1,,7,,13,12,7,41
"",Colombia,,,,,,,,,2,,,,2
"",Dem. Rep. Con.,,5,,,5,,5,25,50,15,18,57,180
"",El Salvador,,6,,,1,,,,,1,,8,16
"",Eritrea,,3,,,,,,,4,,,15,22
"",Ethiopia,,,,,1,,,,,,,,1
"",Guatemala,,,,3,,,,,,,,,3
"",Honduras,,,3,,,,,,,,,,3
"",Iran,,,,,1,,,,4,4,,4,13
"",Kazakhstan,,,,,,,,,1,,,,1
"",Liberia,,,,,,,,1,,,,,1
"",Moldova,,2,,,5,,1,,,,,,8
"",Pakistan,,,4,1,,,,,,,,,5
"",Republic of Sou.,,,,,,,,,,,,12,12
"",Rwanda,,,,,,,,,,7,,1,8
"",Somalia,,,,,,,,,,,,3,3
"",Sri Lanka (Ceyl.,,,,,,,,,,1,,,1
"",Sudan,,,,,,,,,,,4,1,5
"",Syria,,,,,,,,7,,,,30,37
"",Ukraine,,,4,,,,,,,,,,4
Idaho,Total,,6,15,1,,5,1,19,32,40,49,101,269
"",Afghanistan,,,,,,1,,5,6,,7,3,22
"",Burundi,,,,,,,,,6,,,4,10
"",Central African.,,,,,,1,,,,,,,1
"",Dem. Rep. Con.,,4,6,1,,3,,14,18,39,34,70,189
"",Eritrea,,,,,,,,,,1,7,6,14
"",Iran,,2,,,,,,,2,,,,4
"",Nepal,,,,,,,,,,,,1,1
"",,,2,,,,,,,2,,,Grand4
Affiliate State Name,PNAe pNaaltionality,Oct,Nov,Dec,Jan,Feb,Mar,Apr,May,Jun,Jul,Aug,Sep1 Total1
Idaho,Republic of Sou.,,,,,,,,,,,,13 13
"",Rwanda,,,,,,,1,,,,,1
"",Sudan,,,,,,,,,,,1,4 5
"",Ukraine,,,9,,,,,,,,,9
Ilinois,Total,,14,48,8,18,13,15,35,29,46,45,95 366
"",Afghanistan,,,,,1,1,1,3,8,,7,3 24
"",Belarus,,,,,,,,,3,,,3
"",Burma,,4,11,,4,,3,1,,5,14,4 46
"",Burundi,,,,,,,,7,3,,3,13
"",Central African.,,,,,,1,,,,,,1
"",Dem. Rep. Con.,,7,33,4,6,9,,10,10,15,5,16 115
"",El Salvador,,,,1,,,,,,,,1
"",Eritrea,,,,,1,,,,,3,,1 5
"",Ethiopia,,,,,,,,,,,,4 4
"",Iran,,,,,,,,3,3,,,2 8
"",Iraq,,1,4,1,1,,,5,1,5,11,29
"",Ivory Coast,,,,,,,,,,,,3 3
"",Moldova,,,,,,,3,,,,,3
"",Nepal,,,,,,,,,,,,1 1
"",Pakistan,,,,2,,,,,,,,2
"",Palestine,,,,,,,,,,,,4 4
"",Republic of Sou.,,,,,,,,,1,,,6 7
"",Somalia,,,,,,,,,,,3,2 5
"",Sudan,,,,,,,,,,,1,22 23
"",Syria,,,,,,,5,6,,18,1,27 57
"",Uganda,,,,,,,2,,,,,2
"",Ukraine,,2,,,5,2,1,,,,,10
Indiana,Total,,6,7,,1,7,3,7,38,18,28,87 202
"",Afghanistan,,,,,,,,,3,,3,6
"",Burma,,5,5,,1,7,1,5,9,3,3,21 60
"",Burundi,,,,,,,1,,,,,1
"",Dem. Rep. Con.,,1,2,,,,1,2,18,15,16,60 115
"",Somalia,,,,,,,,,1,,1,2
"",Sudan,,,,,,,,,,,,3 3
"",Syria,,,,,,,,,7,,5,3 15
Iowa,Total,,6,16,7,11,13,,13,35,25,14,96 236
"",Burma,,6,,3,,3,,5,6,,1,8 32
"",Burundi,,,,,,,,,,6,,6
"",Dem. Rep. Con.,,,16,,8,9,,7,29,19,4,53 145
"",Eritrea,,,,,,1,,1,,,,1 3
"",Ethiopia,,,,,1,,,,,,,1 2
"",Kenya,,,,,2,,,,,,,2
"",Nepal,,,,,,,,,,,,1 1
"",Republic of Sou.,,,,,,,,,,,1,7 8
"Octob6er 1, 210620 thr7ough S1e1ptem1b3er 30, 2021 13",35,25,14,96,236
"",,,1,8,32
"",,,,,6
"",29,19,4,53,145
"",,,,1,3
1,,,,1,2
2,,,,,2
"",,,,,,,,,,,,1 Grand1
Affiliate State Name,RPAep Nuabtlioc noaf lSitoyu. Oct,Nov,Dec,Jan,Feb,Mar,Apr,May,Jun,Jul,Aug1,Sep7 Total8
Iowa,Somalia,,,,,,,,,,1,1
"",Sudan,,,,,,,,,,7,19 26
"",Syria,,,,,,,,,,,6 6
"",Uganda,,,4,,,,,,,,4
Kansas,Total,5,6,8,1,,,8,10,44,23,63 168
"",Afghanistan,,,1,,,,,,,,1
"",Burma,5,4,,,,,,,3,3,5 20
"",Central African.,,,,,,,,1,,,1
"",Dem. Rep. Con.,,2,7,1,,,8,9,34,17,39 117
"",Eritrea,,,,,,,,,1,,1 2
"",Rwanda,,,,,,,,,6,,6
"",Somalia,,,,,,,,,,,2 2
"",Sudan,,,,,,,,,,3,11 14
"",Syria,,,,,,,,,,,5 5
Kentucky,Total,3,19,26,33,19,4,49,92,181,77,149 652
"",Bhutan,,1,,,,,,,,,1
"",Burma,,,,,5,,,3,6,,7 21
"",Burundi,,,,,,,,,5,,9 14
"",Dem. Rep. Con.,3,18,23,26,7,1,40,81,166,66,120 551
"",Djibouti,,,,,1,,,,,,1
"",El Salvador,,,3,,,,,,,,3
"",Guinea,,,,1,,,,,,,1
"",Nepal,,,,1,,1,,,,,2
"",Pakistan,,,,,6,1,,,2,,1 10
"",Palestine,,,,,,,7,,,,7
"",Rwanda,,,,,,1,,,1,,1 3
"",Somalia,,,,1,,,,,1,,1 3
"",Sudan,,,,,,,2,,,,1 3
"",Syria,,,,,,,,8,,11,9 28
"",Ukraine,,,,4,,,,,,,4
Louisiana,Total,,,,,,,,,2,,5 7
"",Honduras,,,,,,,,,,,5 5
"",Iraq,,,,,,,,,2,,2
Maine,Total,,,,,,1,6,11,3,10,9 40
"",Dem. Rep. Con.,,,,,,,,6,3,6,9 24
"",Iraq,,,,,,,5,,,,5
"",Rwanda,,,,,,1,,,,,1
"",Sudan,,,,,,,1,,,4,5
"",Syria,,,,,,,,5,,,5
Maryland,Total,7,12,,17,3,1,28,34,22,30,129 283
"",Afghanistan,,,,,,,7,4,4,,21 36
"",Burma,,,,,2,,,5,1,5,3 16
"",Burundi,,,,,,,,5,8,,13
"",Colombia,,,,,,,7,,,,7
"",,,,,,,,3,3
"",,,,,,,,1,1
4,7,1,1,9,,3,,4,29
"",,,,,6,2,5,15,28
"",2,,,4,,,,21,27
"",,,,,,,,1,1
"",,,,,,,,,,5,8,,,Gran1d3
Affiliate State Name,CPoAl oNmatbioanality,Oct,Nov,Dec,Jan,Feb,Mar,Apr,May7,Jun,Jul,Aug,Sep,Total7
Maryland,Dem. Rep. Con.,,,8,,7,,,,13,2,14,13,57
"",El Salvador,,3,,,1,,,1,,,5,15,25
"",Eritrea,,,,,,,,,1,1,1,20,23
"",Ethiopia,,,,,,,,,,1,,4,5
"",Guatemala,,,,,,,,,,,,8,8
"",Honduras,,,,,,,,,,,,3,3
"",Iraq,,4,,,,,,,,,,,4
"",Ivory Coast,,,,,,,,,,,,1,1
"",Pakistan,,,4,,7,1,1,9,,3,,4,29
"",Sudan,,,,,,,,,6,2,5,15,28
"",Syria,,,,,2,,,4,,,,21,27
"",Yemen,,,,,,,,,,,,1,1
Massachusetts,Total,,25,1,11,9,13,9,14,12,24,29,78,225
"",Afghanistan,,,,,,,,4,1,,6,4,15
"",Bangladesh,,,,,,1,,,,,,,1
"",Colombia,,,,,,,,,,6,,,6
"",Dem. Rep. Con.,,5,,1,,7,1,4,1,10,20,25,74
"",El Salvador,,,,,4,2,,2,,,,,8
"",Eritrea,,,,,,,,,1,,,4,5
"",Guatemala,,,,,,,,,,,1,3,4
"",Honduras,,,,,,,,,,,,13,13
"",Iraq,,,,3,,,,,,,,4,7
"",Moldova,,,,5,,,,,,,,4,9
"",Nepal,,1,,,,,,,,,,,1
"",Pakistan,,,1,,,,,,,,,,1
"",Republic of Sou.,,,,,,,,,,,1,,1
"",Somalia,,,,,,,,,2,4,1,1,8
"",Sudan,,,,,,,,,,,,1,1
"",Syria,,,,,,,,,7,,,18,25
"",Uganda,,,,2,,,,,,,,1,3
"",Ukraine,,19,,,5,3,8,4,,4,,,43
Michigan,Total,,14,7,3,1,6,,53,96,67,97,189,533
"",Afghanistan,,,1,,,,,,6,5,2,3,17
"",Bahrain,,,,,,,,,,,,1,1
"",Burma,,,,,,,,1,,,5,3,9
"",Dem. Rep. Con.,,,1,2,,2,,29,50,49,42,90,265
"",Ethiopia,,,,,,,,,,,,1,1
"",Iraq,,14,5,1,,4,,,9,1,12,17,63
"",Nepal,,,,,1,,,,,,,1,2
"",Rwanda,,,,,,,,,,,1,4,5
"",Somalia,,,,,,,,,1,,4,7,12
"",Sudan,,,,,,,,,,1,,5,6
"",Syria,,,,,,,,22,26,11,31,57,147
"",Yemen,,,,,,,,1,4,,,,5
"",,,,,,,,,,,,,,Grand
MAffiichliagtaen State Name,YPAem Neantionality,Oct,Nov,Dec,Jan,Feb,Mar,Apr,May,Jun,Jul,Aug,Sep,Total
Minnesota,Total,,8,17,2,5,8,8,13,37,16,47,107,268
"",Burma,,,,,,,,1,7,6,26,16,56
"",Cambodia,,,,,,,,,,,,2,2
"",Dem. Rep. Con.,,,,,,,,8,23,2,14,23,70
"",Eritrea,,,1,,,4,,,,4,,4,13
"",Ethiopia,,,4,,2,,2,,1,1,,11,21
"",Guatemala,,,,,,,,,,,,6,6
"",Honduras,,,,,,,,,,,2,,2
"",Iran,,,,,,,,,,,,1,1
"",Republic of Sou.,,,,,,,,,,,,2,2
"",Russia,,,,,,,,,6,,,3,9
"",Somalia,,1,12,2,3,4,6,4,,3,,15,50
"",Sudan,,,,,,,,,,,,14,14
"",Syria,,,,,,,,,,,,8,8
"",Ukraine,,7,,,,,,,,,5,2,14
Missouri,Total,,10,2,1,1,5,9,17,58,48,25,100,276
"",Afghanistan,,,,,,,9,,16,,13,,38
"",Burma,,1,,,,,,,4,,,,5
"",Dem. Rep. Con.,,6,2,,,3,,17,35,45,11,77,196
"",Eritrea,,,,,,,,,,,,4,4
"",Ethiopia,,,,,,1,,,,,,,1
"",Iraq,,,,,1,,,,,,1,,2
"",Pakistan,,,,,,,,,3,,,,3
"",Sudan,,,,,,1,,,,,,19,20
"",Uganda,,,,1,,,,,,,,,1
"",Ukraine,,3,,,,,,,,3,,,6
Montana,Total,,,,,,,,8,6,11,,19,44
"",Dem. Rep. Con.,,,,,,,,1,6,11,,,18
"",Syria,,,,,,,,7,,,,19,26
Nebraska,Total,,14,8,4,4,1,2,1,4,26,30,31,125
"",Afghanistan,,,1,3,,1,,,,9,,,14
"",Burma,,,6,,,,,,3,8,18,1,36
"",Dem. Rep. Con.,,5,1,,3,,,,,,12,6,27
"",Iraq,,,,,,,,1,,,,,1
"",Nepal,,,,,,,,,,,,2,2
"",Republic of Sou.,,,,,,,,,,,,1,1
"",Somalia,,,,,1,,2,,,,,3,6
"",Sudan,,2,,,,,,,1,9,,5,17
"",Syria,,,,,,,,,,,,13,13
"",Ukraine,,7,,1,,,,,,,,,8
Nevada,Total,,3,,,6,1,1,1,17,8,18,42,97
"",Afghanistan,,,,,,,,,6,4,,11,21
"",Dem. Rep. Con.,,,,,6,,,,2,3,18,16,45
"",El Salvador,,3,,,,,,,,1,,,4
"",,,,,,6,,,,2,3 18,,16 Gran4d5
Affiliate State Name,EPlA S Naalvtaiodnoarlity,Oct,Nov3,Dec,Jan,Feb,Mar,Apr,May,Jun,Jul1 Aug,,Sep Total4
Nevada,Iran,,,,,,1,1,1,3,,,6
"",Palestine,,,,,,,,,2,,,2
"",Sudan,,,,,,,,,,,,2 2
"",Syria,,,,,,,,,4,,,13 17
New Hampshire,Total,,,10,5,,,,4,1,15 20,,11 66
"",Burundi,,,,,,,,,,,,4 4
"",Dem. Rep. Con.,,,10,,,,,4,1,12 16,,7 50
"",Iraq,,,,,,,,,,4,,4
"",Sudan,,,,,,,,,,3,,3
"",Ukraine,,,,5,,,,,,,,5
New Jersey,Total,,5,,8,1,,1,21,8,2 7,,19 72
"",Afghanistan,,,,,,,1,,3,,,3 7
"",Colombia,,,,,,,,2,,,,2
"",Dem. Rep. Con.,,,,,,,,4,,,,4
"",El Salvador,,5,,1,,,,,,,,5 11
"",Guatemala,,,,6,,,,,,,,1 7
"",Republic of Sou.,,,,,,,,,,2,,2
"",Sri Lanka (Ceyl.,,,,,,,,7,,,,7
"",Sudan,,,,,,,,,,1,,1
"",Syria,,,,,,,,5,5,6,,10 26
"",Ukraine,,,,,1,,,1,,,,2
"",Venezuela,,,,1,,,,2,,,,3
New Mexico,Total,,,7,,1,,,,,9 2,,17 36
"",Afghanistan,,,,,1,,,,,5 2,,8
"",Dem. Rep. Con.,,,7,,,,,,,4,,17 28
New York,Total,,21,35,36,20,20,22,49,116,108 72,,209 708
"",Afghanistan,,,,,,,6,17,32,2 18,,25 100
"",Burma,,,16,,,3,8,,6,9 18,,11 71
"",Burundi,,,,,,,,,4,7,,3 14
"",Central African.,,,,4,,,,,,,,4
"",Congo,,,,,,,,,,1,,1
"",Dem. Rep. Con.,,5,,7,14,,,17,66,52 22,,48 231
"",El Salvador,,,4,,,,,,,,,4
"",Ethiopia,,,,,,,,,,,,2 2
"",Guatemala,,,,,,1,,,,,,1
"",India,,,,,,1,,,1,,,2
"",Iran,,1,,,1,,,,,,,2
"",Iraq,,11,7,5,,3,,,,,,5 31
"",Kazakhstan,,4,,,,,,,,,,4
"",Liberia,,,,,,,,1,,,,1
"",Moldova,,,,4,,,,,,,,4
"",Nepal,,,,,1,,,,,,,1
"",Pakistan,,,,,,2,1,,1,,,4
"",Palestine,,,,,,,,,,6 5,,11
21 35 36,20,20,,22,,49,116,108,72,209,708
"",,,,6,,17,32,2,18,25,100
16,,3,,8,,,6,9,18,11,71
"",,,,,,,4,7,,3,14
4,,,,,,,,,,,4
"",,,,,,,,1,,,1
5 7,14,,,,,17,66,52,22,48,231
4,,,,,,,,,,,4
Refugee Arrivals,,,,,,,,,,2,2
by State and National1ity,,,,,,,,,,,1
"October 1, 2020 through Septemb1er 30, 2021",,,,,,,1,,,,2
"",,,,,,,,,,,2
"",,,,,,,,,,5,31
"",,,,,,,,,,,4
"",,,,,,,,,,,1
4,,,,,,,,,,,4
"",1,,,,,,,,,,1
"",,,,,,,2,1,,1,,,Grand4
Affiliate State Name,PaAl eNsatinoenality,Oct,Nov,Dec,Jan,Feb,Mar,Apr,May,Jun,Jul6 Aug5,Sep,Tota1l1
New York,Republic of Sou.,,,,,,,,,,,5,5
"",Russia,,,,,,,,2,,,,2
"",Somalia,,,,5,,1,,,1,3,,10
"",Sri Lanka (Ceyl.,,,1,,4,,,,3,,,8
"",Sudan,,,1,,,,,,2,10,28,41
"",Syria,,,,4,,1,,12,,17 6,67,107
"",Ukraine,,,6,7,,8,7,,,4,15,47
North Carolina,Total,,21,29,19,9,7,3,56,65,51 66,184,510
"",Afghanistan,,,,2,,,,4,,2,3,11
"",Burma,,,1,,1,1,,,7,,7,17
"",Burundi,,,,,,,,,1,,6,7
"",Central African.,,,,,,,1,5,,,,6
"",Colombia,,1,,,,,,11,,2,,14
"",Dem. Rep. Con.,,2,11,9,6,3,1,25,46,47 34,88,272
"",El Salvador,,7,,1,1,,,,2,,1,12
"",Eritrea,,,,1,1,,,,,1,,3
"",Ethiopia,,,,,,,,,1,,,1
"",Guatemala,,,2,,,,,,,,,2
"",Honduras,,9,,,,3,,,1,4,,17
"",Iraq,,2,1,,,,,,,,3,6
"",Kenya,,,,,,,,,,2,,2
"",Moldova,,,2,6,,,,,,,,8
"",Pakistan,,,,,,,1,,,,,1
"",Republic of Sou.,,,,,,,,,,2,6,8
"",Rwanda,,,,,,,,,,1,6,7
"",Somalia,,,,,,,,,,1 3,1,5
"",Sudan,,,,,,,,,,1 7,35,43
"",Syria,,,,,,,,6,6,10,28,50
"",Uganda,,,,,,,,,1,,,1
"",Ukraine,,,12,,,,,5,,,,17
North Dakota,Total,,,,4,,,4,11,,,11,30
"",Dem. Rep. Con.,,,,,,,,11,,,,11
"",Republic of Sou.,,,,,,,3,,,,1,4
"",Somalia,,,,,,,1,,,,1,2
"",Sudan,,,,,,,,,,,3,3
"",Syria,,,,4,,,,,,,6,10
Not Available,Total,,,,,,,,,,,10,10
"",Dem. Rep. Con.,,,,,,,,,,,8,8
"",Somalia,,,,,,,,,,,2,2
Ohio,Total,,10,22,23,7,4,17,45,42,58 64,162,454
"",Afghanistan,,,,1,,,1,3,,1,,6
"",Burma,,,,,2,,,,,,,2
"",Dem. Rep. Con.,,2,3,,5,,7,28,26,54 58,75,258
"",Eritrea,,,1,,,,,,4,,8,13
"",,,2,3,,5,,7,28,26,54,58,75 Gra2n5d8
Affiliate State Name,PErAi tNreaationality,Oct,Nov,Dec1,Jan,Feb,Mar,Apr,May,Jun4,Jul,Aug,Sep8 Tota1l3
Ohio,Ethiopia,,,,1,,,,2,,,,4 7
"",Gambia,,3,,,,,,,,,,3
"",Honduras,,,3,,,,,,,,,3
"",Iraq,,5,,,,,,,,,,6 11
"",Ivory Coast,,,,,,,4,,,,,4
"",Nepal,,,,,,,,,,,,2 2
"",Pakistan,,,6,,,,,,,,,6
"",Palestine,,,3,,,,1,,,,,2 6
"",Republic of Sou.,,,,,,,,,,,,1 1
"",Somalia,,,,1,,2,,2,,,4,6 15
"",Sudan,,,,1,,,,,1,,,26 28
"",Syria,,,,,,2,,10,11,3,,32 58
"",Uganda,,,,1,,,,,,,,1
"",Ukraine,,,6,18,,,4,,,,2,30
Oklahoma,Total,,,,,,4,,5,,3,,13 25
"",Burma,,,,,,4,,1,,3,,1 9
"",Iraq,,,,,,,,,,,,6 6
"",Russia,,,,,,,,4,,,,4
"",Sudan,,,,,,,,,,,,6 6
Oregon,Total,,2,16,15,6,,12,23,27,10,10,17 138
"",Afghanistan,,,,,,,,,3,,,3 6
"",Burma,,,,,,,,,2,4,,6
"",Dem. Rep. Con.,,,,,1,,,9,9,6,3,2 30
"",Eritrea,,,,,,,,2,,,,2
"",Ethiopia,,,,,,,,1,,,,1
"",Iran,,,,,,,,,4,,1,5
"",Iraq,,,,4,,,,,,,,2 6
"",Moldova,,,2,,,,,,,,,2
"",Nepal,,,,,,,,,,,,1 1
"",Somalia,,,,,,,,1,,,1,2 4
"",Syria,,,,,,,,5,,,,5
"",Ukraine,,2,14,11,5,,12,5,9,,5,7 70
Pennsylvania,Total,,22,11,25,26,1,1,24,48,62,37,138 395
"",Afghanistan,,,,,,,1,3,1,,,7 12
"",Bangladesh,,,,,,,,1,,,,1
"",Burma,,,,,,,,,6,,6,3 15
"",Dem. Rep. Con.,,5,,9,2,,,15,23,33,25,41 153
"",El Salvador,,3,,2,,,,,,,,5 10
"",Eritrea,,,,,,,,,1,,1,15 17
"",Ethiopia,,,,,,,,,1,,,1
"",Guatemala,,,,2,,,,,,,,2
"",Iran,,,,,1,,,,,,,1
"",Iraq,,,,2,5,,,,,6,4,10 27
"",Ivory Coast,,,,,,,,,1,,,1
22 11 25,26,1,,1,,24,48,62,37,138,395
Refugee Arrivals,,,,1,,3,1,,,7,12
by State and Nationality,,,,,,1,,,,,1
"October 1, 2020 through September 30, 2021",,,,,,,6,,6,3,15
"",,,,,,,,,25,41,153
"",,,,,,,,,,5,10
"",,,,,,,1,,1,15,17
"",,,,,2,5,,,,,6,4,10 Gran2d7
Affiliate State Name,IPvAo rNya Ctioansatlity,Oct,Nov,Dec,Jan,Feb,Mar,Apr,May,Jun1,Jul,Aug,Sep Total1
Pennsylvania,Kazakhstan,,3,,,,,,,2,,,5
"",Liberia,,,,,5,,,1,,3,,9
"",Nepal,,,,,,,,,,,,1 1
"",Pakistan,,,2,3,2,,,,1,1,1,1 11
"",Somalia,,,,1,,,,1,,,,2 4
"",Sudan,,,,,,1,,,,,,16 17
"",Syria,,6,,,,,,1,12,12,,30 61
"",Ukraine,,5,9,6,11,,,2,,7,,7 47
Rhode Island,Total,,,,,,,,5,6,13,13,10 47
"",Burundi,,,,,,,,,,,,1 1
"",Dem. Rep. Con.,,,,,,,,,6,10,,8 24
"",Guatemala,,,,,,,,,,,3,3
"",Iraq,,,,,,,,,,,5,5
"",Syria,,,,,,,,5,,3,5,1 14
South Carolina,Total,,,,5,14,5,8,2,13,5,4,43 99
"",Afghanistan,,,,,,,,,6,,,6
"",Burma,,,,,7,5,,,,4,,16
"",Burundi,,,,,,,,,,,,5 5
"",Colombia,,,,,,,,,,,,1 1
"",Dem. Rep. Con.,,,,,,,3,,,1,3,15 22
"",El Salvador,,,,,,,,,,,,5 5
"",Eritrea,,,,,,,,,,,,1 1
"",Guatemala,,,,1,,,,2,,,,3
"",Honduras,,,,,,,,,,,,6 6
"",Somalia,,,,,,,,,,,1,1
"",Sri Lanka (Ceyl.,,,,1,,,,,,,,1
"",Sudan,,,,,,,,,,,,3 3
"",Syria,,,,,,,,,7,,,7
"",Ukraine,,,,3,7,,5,,,,,7 22
South Dakota,Total,,3,2,,1,1,,,8,2,25,10 52
"",Dem. Rep. Con.,,,2,,,1,,,8,2,18,5 36
"",Nepal,,,,,1,,,,,,,1
"",Republic of Sou.,,,,,,,,,,,6,6
"",Rwanda,,,,,,,,,,,1,1
"",Syria,,,,,,,,,,,,5 5
"",Ukraine,,3,,,,,,,,,,3
Tennessee,Total,,4,15,5,10,4,7,14,67,54,21,113 314
"",Afghanistan,,,,,,,,,2,8,,4 14
"",Burma,,,,,,,,,,,3,4 7
"",Dem. Rep. Con.,,4,6,1,9,,2,13,44,45,10,41 175
"",Eritrea,,,,,,1,,,,,,1
"",Ethiopia,,,,,1,,,,,,,1
"",Honduras,,,,,,,,,,,,6 6
"",Iran,,,,,,,,,,,,2 2
"",,,,,,,,,,,,,6 Grand6
Affiliate State Name,IPrAa nNationality,Oct,Nov,Dec,Jan,Feb,Mar,Apr,May,Jun,Jul,Aug,Sep2 Total2
Tennessee,Iraq,,,8,,,3,,,,,,11
"",Morocco,,,,,,,,,9,,,9
"",Republic of Sou.,,,,,,,,,,,,8 8
"",Somalia,,,,1,,,,,1,,,1 3
"",Sudan,,,,,,,,,1,,7,32 40
"",Syria,,,,,,,5,,7,,1,9 22
"",Uganda,,,,,,,,1,3,1,,4 9
"",Ukraine,,,1,3,,,,,,,,2 6
Texas,Total,1,19,54,34,39,19,19,100,85,114,116,314 914
"",Afghanistan,,,3,13,2,1,1,5,8,5,21,16 75
"",Burma,,,10,,,6,,24,3,,6,36 85
"",Burundi,,,,,,,,2,1,1,6,10
"",Central African.,,,,,,3,,,,,,3
"",Colombia,,,,,,,,2,,,,2
"",Dem. Rep. Con.,,1,24,6,15,2,1,34,41,73,42,135 374
"",El Salvador,1,,3,5,5,,,,5,,1,10 30
"",Eritrea,,1,,1,,1,,,,4,3,15 25
"",Ethiopia,,,,,,,,,5,,,5
"",Guatemala,,,,,,,,,,,4,3 7
"",Honduras,,9,,,,,,,,,2,1 12
"",Iran,,4,5,,6,,3,9,6,7,4,9 53
"",Iraq,,2,2,6,4,2,12,5,8,1,6,17 65
"",Ivory Coast,,,,1,,,,,1,10,,2 14
"",Nepal,,,,,,1,,,,,,1 2
"",Pakistan,,,,,,1,,,,,4,5
"",Republic of Sou.,,,,,,,,,,,,1 1
"",Rwanda,,,,,,,,,,,,7 7
"",Somalia,,,,,,1,2,,,,,3
"",Sri Lanka (Ceyl.,,2,,,,,,,1,,,3
"",Sudan,,,,,,,,2,1,8,6,29 46
"",Syria,,,7,,7,1,,17,5,5,11,32 85
"",Uganda,,,,2,,,,,,,,2
Utah,Total,,,2,2,3,,1,15,42,21,23,75 184
"",Afghanistan,,,,1,,,,2,4,,,5 12
"",Bangladesh,,,,,,,,,,,3,3
"",Burma,,,,,,,,,,,1,6 7
"",Burundi,,,,,,,,,,,,7 7
"",Central African.,,,,,2,,,,,,,2
"",Dem. Rep. Con.,,,,,,,1,12,18,14,19,47 111
"",El Salvador,,,,,,,,,,,,1 1
"",Iraq,,,,1,1,,,,5,1,,4 12
"",Mali,,,,,,,,1,,,,1
"",Palestine,,,,,,,,,1,,,1
"",Republic of Sou.,,,,,,,,,,,,1 1
"",,,,,,,,,1,,,Grand1
Affiliate State Name,PRAep Nuabtlioc noaf lSitoyu. Oct,Nov,Dec,Jan,Feb,Mar,Apr,May,Jun,Jul,Aug,Sep1 Total1
Utah,Sierra Leone,,2,,,,,,,,,2
"",Somalia,,,,,,,,,,,3 3
"",Sudan,,,,,,,,5,,,5
"",Syria,,,,,,,,9,6,,15
"",Uganda,,,,,,,,,,,1 1
Vermont,Total,,10,16,,,,,5,7,2,7 47
"",Burma,,,,,,,,2,,,2
"",Burundi,,,,,,,,,2,1,3 6
"",Dem. Rep. Con.,,10,11,,,,,3,5,1,1 31
"",Iraq,,,5,,,,,,,,5
"",Nepal,,,,,,,,,,,3 3
Virginia,Total,12,22,4,,27,2,36,35,25,19,91 273
"",Afghanistan,,,1,,7,2,5,5,,,18 38
"",Burma,,4,,,,,,,,,8 12
"",Dem. Rep. Con.,9,,,,15,,29,21,24,8,31 137
"",El Salvador,,4,1,,,,,,,,5
"",Eritrea,,,,,1,,,1,,,2
"",Guatemala,,,,,,,,,,,2 2
"",Iran,,2,1,,1,,,3,,,7
"",Iraq,3,5,,,,,,,,,8 16
"",Ivory Coast,,,,,,,,,1,6,7
"",Pakistan,,7,1,,3,,,,,,11
"",Sudan,,,,,,,2,,,,5 7
"",Syria,,,,,,,,5,,5,17 27
"",Ukraine,,,,,,,,,,,2 2
Washington,Total,33,69,40,42,8,18,25,48,36,30,131 480
"",Afghanistan,,,,,,4,6,1,,2,8 21
"",Armenia,,,,,,,,,,,4 4
"",Burma,,,,,,,,,3,9,5 17
"",Burundi,,,,,,,,2,,,2
"",Dem. Rep. Con.,,,1,,,,8,11,13,,6 39
"",Ethiopia,,,,,,,4,2,,,6
"",Guatemala,,,,,,,,,,,2 2
"",Iran,,,3,,2,,,8,4,4,8 29
"",Iraq,,,3,6,1,,4,3,,10,7 34
"",Kazakhstan,9,,,,,,,,,,9
"",Moldova,3,5,6,,,,,,,,7 21
"",Pakistan,,2,,,,,,,,,2
"",Russia,,,,,2,,,6,,,8
"",Somalia,,1,,,,,,,,5,2 8
"",Sudan,,,,,,,,,1,,18 19
"",Syria,,,,,,,,6,,,31 37
"",Uganda,,2,,,,,,,,,2
"",Ukraine,21,59,27,36,3,14,3,7,15,,33 218
"",,,,,,,,,,,,,,Grand
Affiliate State Name,PUAkr Naainteionality,Oct,Nov,Dec,Jan,Feb,Mar,Apr,May,Jun,Jul,Aug,Sep,Total
Washington,Uzbekistan,,,,,,,,,2,,,,2
West Virginia,Total,,,,,,,,1,,,,1,2
"",Uganda,,,,,,,,1,,,,1,2
Wisconsin,Total,,8,34,6,12,8,7,20,78,61,46,86,366
"",Burma,,4,12,6,1,1,3,4,6,19,4,20,80
"",Burundi,,,,,,,,,1,,,,1
"",Dem. Rep. Con.,,2,22,,11,7,,16,58,37,36,50,239
"",Iraq,,2,,,,,,,,1,,,3
"",Pakistan,,,,,,,,,,4,5,9,18
"",Palestine,,,,,,,4,,,,,,4
"",Somalia,,,,,,,,,,,1,2,3
"",Sudan,,,,,,,,,8,,,,8
"",Syria,,,,,,,,,5,,,5,10
